"enginename","Parameter1","Parameter 2","Parameter 3","Parameter 4","the long title and content parameter","more data parameter","metric A","metric B","metric C"
"engine name",1,0.1,1,10,100,"sooooooooooo long","more data",10.2,3.2
"engine name",1,0.1,1,10,100,"sooooooooooo long","more data",10.3,3.2
"engine name",1,0.2,2,20,200,"sooooooooooo long","more data",10.4,3.2
"engine name",3,0.3,3,30,300,"sooooooooooo long","more data",10.5,3.2
"engine name",1,0.1,1,10,100,"sooooooooooo long","more data",10.4,3.2
"engine name",1,0.2,2,20,200,"sooooooooooo long","more data",10.2,3.2
"engine name",3,0.3,3,30,300,"sooooooooooo long","more data",10.222,3.2
"engine name",1,0.1,1,10,100,"sooooooooooo long","more data",10.233,3.2
"engine name",1,0.2,2,20,200,"sooooooooooo long","more data",10.244,3.2
"engine name",3,0.3,3,30,300,"sooooooooooo long","more data",10.25,3.2
"engine name",1,0.1,1,10,100,"sooooooooooo long","more data",10.2234,3.2
"engine name",1,0.2,2,20,200,"sooooooooooo long","more data",10.2,3.2
"engine name",3,0.3,3,30,300,"sooooooooooo long","more data",10.2,3.25546
"engine name",1,0.1,1,10,100,"sooooooooooo long","more data",10.2,3.22121
"engine name",1,0.2,2,20,200,"sooooooooooo long","more data",10.2,3.212
"engine name",3,0.3,3,30,300,"sooooooooooo long","more data",10.2,3.28989
"engine name",1,0.2,2,20,200,"sooooooooooo long","more data",10.2,3.2687
"engine name",3,0.3,3,30,300,"sooooooooooo long","more data",10.2,3.2
"engine characters",3,0.4,4,40,400,"sooooooooooo longsooooooooooo longsooooooooooo longsooooooooooo longsooooooooooo longsooooooooooo longsooooooooooo longsooooooooooo longsooooooooooo longsooooooooooo longsooooooooooo longsooooooooooo longsooooooooooo long","more data",10.2,3.2
